Date,Time,Motion
2019/7/29 22:26:15: Inactive
2019/7/29 22:26:16: Inactive
2019/7/29 22:26:17: Active
2019/7/29 22:26:19: Active
2019/7/29 22:26:20: Active
2019/7/29 22:26:21: Inactive
2019/7/29 22:26:22: Inactive
2019/7/29 22:26:23: Inactive
2019/7/29 22:26:24: Inactive
2019/7/29 22:26:25: Inactive
2019/7/29 22:26:26: Inactive
2019/7/29 22:26:27: Inactive
2019/7/29 22:26:28: Inactive
2019/7/29 22:26:29: Inactive
2019/7/29 22:26:30: Inactive
2019/7/29 22:26:31: Inactive
2019/7/29 22:26:32: Inactive
2019/7/29 22:26:33: Inactive
2019/7/29 22:26:34: Active
2019/7/29 22:26:35: Active
2019/7/29 22:26:36: Active
2019/7/29 22:26:37: Inactive
2019/7/29 22:26:38: Inactive
2019/7/29 22:26:39: Inactive
2019/7/29 22:26:40: Inactive
2019/7/29 22:26:41: Inactive
2019/7/29 22:26:42: Inactive
2019/7/29 22:26:43: Inactive
2019/7/29 22:26:44: Active
2019/7/29 22:26:45: Active
2019/7/29 22:26:46: Active
2019/7/29 22:26:47: Inactive
2019/7/29 22:26:48: Inactive
2019/7/29 22:26:49: Inactive
2019/7/29 22:26:50: Inactive
2019/7/29 22:26:51: Inactive
2019/7/29 22:26:52: Inactive
2019/7/29 22:26:53: Active
2019/7/29 22:26:54: Active
2019/7/29 22:26:55: Active
2019/7/29 22:26:56: Inactive
2019/7/29 22:26:57: Inactive
2019/7/29 22:26:58: Inactive
2019/7/29 22:26:59: Inactive
2019/7/29 22:27:0: Inactive
2019/7/29 22:27:1: Inactive
2019/7/29 22:27:2: Inactive
2019/7/29 22:27:3: Inactive
2019/7/29 22:27:4: Inactive
2019/7/29 22:27:5: Active
2019/7/29 22:27:6: Active
2019/7/29 22:27:7: Active
2019/7/29 22:27:8: Inactive
2019/7/29 22:27:9: Inactive
2019/7/29 22:27:10: Inactive
2019/7/29 22:27:11: Inactive
2019/7/29 22:27:12: Inactive
2019/7/29 22:27:13: Active
2019/7/29 22:27:14: Active
2019/7/29 22:27:15: Active
2019/7/29 22:27:16: Inactive
2019/7/29 22:27:17: Inactive
2019/7/29 22:27:18: Inactive
2019/7/29 22:27:19: Inactive
2019/7/29 22:27:20: Inactive
2019/7/29 22:27:21: Inactive
2019/7/29 22:27:22: Active
2019/7/29 22:27:23: Active
2019/7/29 22:27:25: Active
2019/7/29 22:27:26: Inactive
2019/7/29 22:27:27: Inactive
2019/7/29 22:27:28: Inactive
2019/7/29 22:27:29: Inactive
2019/7/29 22:27:30: Inactive
2019/7/29 22:27:31: Active
2019/7/29 22:27:32: Active
2019/7/29 22:27:33: Active
2019/7/29 22:27:34: Inactive
2019/7/29 22:27:35: Inactive
2019/7/29 22:27:36: Inactive
2019/7/29 22:27:37: Inactive
2019/7/29 22:27:38: Inactive
2019/7/29 22:27:39: Inactive
2019/7/29 22:27:40: Inactive
2019/7/29 22:27:41: Active
2019/7/29 22:27:42: Active
2019/7/29 22:27:43: Inactive
2019/7/29 22:27:44: Inactive
2019/7/29 22:27:45: Inactive
2019/7/29 22:27:46: Inactive
2019/7/29 22:27:47: Inactive
2019/7/29 22:27:48: Inactive
2019/7/29 22:27:49: Active
2019/7/29 22:27:50: Active
2019/7/29 22:27:51: Active
2019/7/29 22:27:52: Inactive
2019/7/29 22:27:53: Inactive
2019/7/29 22:27:54: Inactive
2019/7/29 22:27:55: Inactive
2019/7/29 22:27:56: Inactive
2019/7/29 22:27:57: Inactive
2019/7/29 22:27:58: Active
2019/7/29 22:27:59: Active
2019/7/29 22:28:0: Active
2019/7/29 22:28:1: Inactive
2019/7/29 22:28:2: Inactive
2019/7/29 22:28:3: Inactive
2019/7/29 22:28:4: Inactive
2019/7/29 22:28:5: Inactive
2019/7/29 22:28:6: Inactive
2019/7/29 22:28:7: Inactive
2019/7/29 22:28:8: Active
2019/7/29 22:28:9: Active
2019/7/29 22:28:10: Inactive
2019/7/29 22:28:11: Inactive
2019/7/29 22:28:12: Inactive
2019/7/29 22:28:13: Inactive
2019/7/29 22:28:14: Inactive
2019/7/29 22:28:15: Inactive
2019/7/29 22:28:16: Active
2019/7/29 22:28:17: Active
2019/7/29 22:28:18: Inactive
2019/7/29 22:28:19: Inactive
2019/7/29 22:28:20: Inactive
2019/7/29 22:28:21: Inactive
2019/7/29 22:28:22: Inactive
2019/7/29 22:28:23: Inactive
2019/7/29 22:28:24: Inactive
2019/7/29 22:28:25: Inactive
2019/7/29 22:28:26: Inactive
2019/7/29 22:28:27: Inactive
2019/7/29 22:28:28: Inactive
2019/7/29 22:28:29: Inactive
2019/7/29 22:28:31: Active
2019/7/29 22:28:32: Active
2019/7/29 22:28:33: Active
2019/7/29 22:28:34: Inactive
2019/7/29 22:28:35: Inactive
2019/7/29 22:28:36: Inactive
2019/7/29 22:28:37: Inactive
2019/7/29 22:28:38: Inactive
2019/7/29 22:28:39: Active
2019/7/29 22:28:40: Active
2019/7/29 22:28:41: Active
2019/7/29 22:28:42: Inactive
2019/7/29 22:28:43: Inactive
2019/7/29 22:28:44: Inactive
2019/7/29 22:28:45: Inactive
2019/7/29 22:28:46: Inactive
2019/7/29 22:28:47: Inactive
2019/7/29 22:28:48: Inactive
2019/7/29 22:28:49: Inactive
2019/7/29 22:28:50: Inactive
2019/7/29 22:28:51: Active
2019/7/29 22:28:52: Active
2019/7/29 22:28:53: Active
2019/7/29 22:28:54: Inactive
2019/7/29 22:28:55: Inactive
2019/7/29 22:28:56: Inactive
2019/7/29 22:28:57: Inactive
2019/7/29 22:28:58: Inactive
2019/7/29 22:28:59: Active
2019/7/29 22:29:0: Active
2019/7/29 22:29:1: Active
2019/7/29 22:29:2: Inactive
2019/7/29 22:29:3: Inactive
2019/7/29 22:29:4: Inactive
2019/7/29 22:29:5: Inactive
2019/7/29 22:29:6: Inactive
2019/7/29 22:29:7: Inactive
2019/7/29 22:29:8: Inactive
2019/7/29 22:29:9: Active
2019/7/29 22:29:10: Active
2019/7/29 22:29:11: Active
2019/7/29 22:29:12: Inactive
2019/7/29 22:29:13: Inactive
2019/7/29 22:29:14: Inactive
2019/7/29 22:29:15: Inactive
2019/7/29 22:29:16: Inactive
2019/7/29 22:29:17: Inactive
2019/7/29 22:29:18: Active
2019/7/29 22:29:19: Active
2019/7/29 22:29:20: Active
2019/7/29 22:29:21: Inactive
2019/7/29 22:29:22: Inactive
2019/7/29 22:29:23: Inactive
2019/7/29 22:29:24: Inactive
2019/7/29 22:29:25: Inactive
2019/7/29 22:29:26: Inactive
2019/7/29 22:29:27: Active
2019/7/29 22:29:28: Active
2019/7/29 22:29:29: Inactive
2019/7/29 22:29:30: Inactive
2019/7/29 22:29:31: Inactive
2019/7/29 22:29:32: Inactive
2019/7/29 22:29:33: Inactive
2019/7/29 22:29:34: Inactive
2019/7/29 22:29:35: Active
2019/7/29 22:29:37: Active
2019/7/29 22:29:38: Active
